dt_s,status,reason,full_matrix_error,R16,R26,abs_R16,abs_R26,dispersion_error,determinant_error,canonical_J_error,epsilon,richardson_levels,ranks,finest_epsilon,rays_per_segment,elapsed_s,integration_method,path,scaled_max_error,relative_frobenius_error,worst_entry,orbit_threader_wall_s,R11,R12,R13,R14,R15,R21,R22,R23,R24,R25,R31,R32,R33,R34,R35,R36,R41,R42,R43,R44,R45,R46,R51,R52,R53,R54,R55,R56,R61,R62,R63,R64,R65,R66,difference_from_finest_dt,R16_difference_from_finest_dt,R26_difference_from_finest_dt,mpi_matrix_max_difference,mpi_diagnostics_max_difference
1.000000000000e-13,OK,,9.610313632852e-08,-8.487746075898e-09,1.875594965601e-08,8.487746075898e-09,1.875594965601e-08,1.875594965601e-08,1.864152600000e-09,6.034380800000e-08,1.000000000000e-04,0,1,1.000000000000e-04,12,1.379112075013e+01,BORIS,L0/dt-1e-13/eps-0.0001/ranks-1,9.610313632852e-08,1.483114217894e-08,R52,1.357110000000e+01,-1.386352176032e+00,-1.278842251546e+00,0.000000000000e+00,0.000000000000e+00,0.000000000000e+00,-7.209431454899e-01,-1.386352318146e+00,0.000000000000e+00,0.000000000000e+00,0.000000000000e+00,0.000000000000e+00,0.000000000000e+00,3.851352124847e+00,1.040676321519e+01,0.000000000000e+00,0.000000000000e+00,0.000000000000e+00,0.000000000000e+00,1.329223401043e+00,3.851352126331e+00,0.000000000000e+00,0.000000000000e+00,8.598308252036e-11,9.610313666159e-08,0.000000000000e+00,0.000000000000e+00,1.000000000003e+00,-9.437728534277e-02,-3.125240556951e-11,-6.804186853608e-11,0.000000000000e+00,0.000000000000e+00,0.000000000000e+00,1.000000000009e+00,0.000000000000e+00,0.000000000000e+00,0.000000000000e+00,0.000000000000e+00,0.000000000000e+00
3.000000000000e-13,OK,,6.165532526751e-08,-1.594706350553e-08,-2.065981430606e-08,1.594706350553e-08,2.065981430606e-08,2.065981430606e-08,1.113417700000e-09,6.597095900000e-08,1.000000000000e-04,0,1,1.000000000000e-04,12,5.183621833101e+00,BORIS,L0/dt-3e-13/eps-0.0001/ranks-1,6.165532526751e-08,8.841175102548e-09,R52,4.962820000000e+00,-1.386352271084e+00,-1.278842380689e+00,0.000000000000e+00,0.000000000000e+00,0.000000000000e+00,-7.209431316972e-01,-1.386352278025e+00,0.000000000000e+00,0.000000000000e+00,0.000000000000e+00,0.000000000000e+00,0.000000000000e+00,3.851352103508e+00,1.040676317216e+01,0.000000000000e+00,0.000000000000e+00,0.000000000000e+00,0.000000000000e+00,1.329223390679e+00,3.851352104811e+00,0.000000000000e+00,0.000000000000e+00,2.703820181483e-08,6.165532560058e-08,0.000000000000e+00,0.000000000000e+00,9.999999999989e-01,-9.437719534122e-02,2.290725228632e-12,3.427951991551e-11,0.000000000000e+00,0.000000000000e+00,0.000000000000e+00,1.000000000075e+00,1.291429998496e-07,-7.459317429632e-09,-3.941576396207e-08,0.000000000000e+00,0.000000000000e+00
1.000000000000e-12,OK,,4.732134097907e-07,-2.006354174593e-07,-5.858576200447e-08,2.006354174593e-07,5.858576200447e-08,2.006354174593e-07,1.724790000000e-09,8.776997600000e-09,1.000000000000e-04,0,1,1.000000000000e-04,12,2.175224957988e+00,BORIS,L0/dt-1e-12/eps-0.0001/ranks-1,4.732134097907e-07,6.898428864221e-08,R34,1.954010000000e+00,-1.386352398243e+00,-1.278842787453e+00,0.000000000000e+00,0.000000000000e+00,0.000000000000e+00,-7.209431660919e-01,-1.386352393706e+00,0.000000000000e+00,0.000000000000e+00,0.000000000000e+00,0.000000000000e+00,0.000000000000e+00,3.851351861651e+00,1.040676268477e+01,0.000000000000e+00,0.000000000000e+00,0.000000000000e+00,0.000000000000e+00,1.329223273019e+00,3.851351860526e+00,0.000000000000e+00,0.000000000000e+00,5.480114778769e-08,1.944516087935e-07,0.000000000000e+00,0.000000000000e+00,1.000000000000e+00,-9.437714548844e-02,1.452682932270e-11,8.536434453249e-12,0.000000000000e+00,0.000000000000e+00,0.000000000000e+00,1.000000000041e+00,5.359069998878e-07,-1.921476713834e-07,-7.734171166048e-08,0.000000000000e+00,0.000000000000e+00
3.000000000000e-12,OK,,4.307443409957e-06,-1.718150563664e-06,-5.137244662704e-07,1.718150563664e-06,5.137244662704e-07,1.718150563664e-06,1.597523100000e-08,2.135964100000e-08,3.000000000000e-04,0,1,3.000000000000e-04,12,1.212992165936e+00,BORIS,L0/dt-3e-12/eps-0.0003/ranks-1,4.307443409957e-06,6.175692252522e-07,R34,9.951310000000e-01,-1.386353512042e+00,-1.278846440820e+00,0.000000000000e+00,0.000000000000e+00,0.000000000000e+00,-7.209435179175e-01,-1.386353490999e+00,0.000000000000e+00,0.000000000000e+00,0.000000000000e+00,0.000000000000e+00,0.000000000000e+00,3.851349941693e+00,1.040675885054e+01,0.000000000000e+00,0.000000000000e+00,0.000000000000e+00,0.000000000000e+00,1.329222338285e+00,3.851349932522e+00,0.000000000000e+00,0.000000000000e+00,5.051262799628e-07,1.726004376796e-06,0.000000000000e+00,0.000000000000e+00,1.000000000000e+00,-9.437643001310e-02,-1.350956958118e-12,1.152963264722e-12,0.000000000000e+00,0.000000000000e+00,0.000000000000e+00,9.999999999918e-01,4.795940000690e-06,-1.585592735272e-06,-4.828492521073e-07,0.000000000000e+00,0.000000000000e+00
1.000000000000e-11,OK,,4.795159340887e-05,-1.886340311405e-05,-5.631438646469e-06,1.886340311405e-05,5.631438646469e-06,1.886340311405e-05,1.765608400000e-07,2.434575100000e-07,1.000000000000e-03,0,1,1.000000000000e-03,12,1.048751458991e+00,BORIS,L0/dt-1e-11/eps-0.001/ranks-1,4.795159340887e-05,6.832331998396e-06,R34,8.314010000000e-01,-1.386366087990e+00,-1.278887630471e+00,0.000000000000e+00,0.000000000000e+00,0.000000000000e+00,-7.209474732395e-01,-1.386365832772e+00,0.000000000000e+00,0.000000000000e+00,0.000000000000e+00,0.000000000000e+00,0.000000000000e+00,3.851328073233e+00,1.040671520639e+01,0.000000000000e+00,0.000000000000e+00,0.000000000000e+00,0.000000000000e+00,1.329211699004e+00,3.851328002075e+00,0.000000000000e+00,0.000000000000e+00,5.548829756239e-06,1.894813661280e-05,0.000000000000e+00,0.000000000000e+00,9.999999999999e-01,-9.436841712829e-02,-2.177164335402e-13,-8.481009643084e-14,0.000000000000e+00,0.000000000000e+00,0.000000000000e+00,1.000000000001e+00,5.334682999880e-05,-1.744728739959e-05,-5.269691198587e-06,0.000000000000e+00,0.000000000000e+00
3.000000000000e-11,OK,,4.087717734098e-04,-1.675961352171e-04,-5.014534891103e-05,1.675961352171e-04,5.014534891103e-05,1.675961352171e-04,1.573691700000e-06,2.188125600000e-06,3.000000000000e-03,0,1,3.000000000000e-03,12,1.015030416194e+00,BORIS,L0/dt-3e-11/eps-0.003/ranks-1,4.087717734098e-04,5.943863675751e-05,R34,7.893090000000e-01,-1.386474802766e+00,-1.279244755782e+00,0.000000000000e+00,0.000000000000e+00,0.000000000000e+00,-7.209816719428e-01,-1.386473066303e+00,0.000000000000e+00,0.000000000000e+00,0.000000000000e+00,0.000000000000e+00,0.000000000000e+00,3.851147528541e+00,1.040635438621e+01,0.000000000000e+00,0.000000000000e+00,0.000000000000e+00,0.000000000000e+00,1.329123507041e+00,3.851145822231e+00,0.000000000000e+00,0.000000000000e+00,4.912035344697e-05,1.681995360102e-04,0.000000000000e+00,0.000000000000e+00,1.000000000000e+00,-9.429892356565e-02,-6.777054755220e-14,-2.768766142832e-13,0.000000000000e+00,0.000000000000e+00,0.000000000000e+00,1.000000000000e+00,4.573030600010e-04,-1.548756362441e-04,-4.688716935974e-05,0.000000000000e+00,0.000000000000e+00
1.000000000000e-13,OK,,7.478656759042e-09,-7.478657092109e-09,7.614869324729e-10,7.478657092109e-09,7.614869324729e-10,7.478657092109e-09,1.370226200000e-10,7.254840900000e-09,3.000000000000e-03,1,1,1.500000000000e-03,24,2.573575187498e+01,BORIS,L1/dt-1e-13/eps-0.003/ranks-1,7.478656759042e-09,9.865179122533e-10,R16,2.551730000000e+01,-1.386352258696e+00,-1.278842323723e+00,0.000000000000e+00,0.000000000000e+00,0.000000000000e+00,-7.209431241822e-01,-1.386352254990e+00,0.000000000000e+00,0.000000000000e+00,0.000000000000e+00,0.000000000000e+00,0.000000000000e+00,3.851352100199e+00,1.040676316113e+01,0.000000000000e+00,0.000000000000e+00,0.000000000000e+00,0.000000000000e+00,1.329223389126e+00,3.851352099983e+00,0.000000000000e+00,0.000000000000e+00,5.091538236957e-09,4.086406121979e-09,0.000000000000e+00,0.000000000000e+00,1.000000000004e+00,-9.437723465194e-02,6.396655705795e-12,6.652189282497e-12,0.000000000000e+00,0.000000000000e+00,0.000000000000e+00,1.000000000005e+00,0.000000000000e+00,0.000000000000e+00,0.000000000000e+00,0.000000000000e+00,0.000000000000e+00
3.000000000000e-13,OK,,4.398048436549e-08,-2.205497508207e-08,-7.169092961283e-09,2.205497508207e-08,7.169092961283e-09,2.205497508207e-08,2.662607900000e-10,1.172607700000e-09,3.000000000000e-03,1,1,1.500000000000e-03,24,9.533858791925e+00,BORIS,L1/dt-3e-13/eps-0.003/ranks-1,4.398048436549e-08,6.398566273065e-09,R12,9.314730000000e+00,-1.386352267770e+00,-1.278842363360e+00,0.000000000000e+00,0.000000000000e+00,0.000000000000e+00,-7.209431264381e-01,-1.386352268522e+00,0.000000000000e+00,0.000000000000e+00,0.000000000000e+00,0.000000000000e+00,0.000000000000e+00,3.851352078852e+00,1.040676311806e+01,0.000000000000e+00,0.000000000000e+00,0.000000000000e+00,0.000000000000e+00,1.329223378762e+00,3.851352078459e+00,0.000000000000e+00,0.000000000000e+00,6.193365938846e-09,2.258032076714e-08,0.000000000000e+00,0.000000000000e+00,9.999999999989e-01,-9.437722006571e-02,-2.324810641289e-12,1.185510886512e-12,0.000000000000e+00,0.000000000000e+00,0.000000000000e+00,1.000000000000e+00,4.306999912274e-08,-1.457631798996e-08,-7.930579893756e-09,0.000000000000e+00,0.000000000000e+00
1.000000000000e-12,OK,,5.271234098103e-07,-1.840631231507e-07,-5.259098257945e-08,1.840631231507e-07,5.259098257945e-08,1.840631231507e-07,1.873180500000e-10,7.876136400000e-09,3.000000000000e-04,1,1,1.500000000000e-04,24,3.958884417079e+00,BORIS,L1/dt-1e-12/eps-0.0003/ranks-1,5.271234098103e-07,7.079737147666e-08,R34,3.739290000000e+00,-1.386352391323e+00,-1.278842757893e+00,0.000000000000e+00,0.000000000000e+00,0.000000000000e+00,-7.209431634086e-01,-1.386352384290e+00,0.000000000000e+00,0.000000000000e+00,0.000000000000e+00,0.000000000000e+00,0.000000000000e+00,3.851351837071e+00,1.040676263086e+01,0.000000000000e+00,0.000000000000e+00,0.000000000000e+00,0.000000000000e+00,1.329223261135e+00,3.851351834251e+00,0.000000000000e+00,0.000000000000e+00,5.191221688834e-08,1.821309193485e-07,0.000000000000e+00,0.000000000000e+00,1.000000000001e+00,-9.437715375275e-02,1.125799659004e-11,4.486579028049e-13,0.000000000000e+00,0.000000000000e+00,0.000000000000e+00,1.000000000012e+00,5.303900003639e-07,-2.074299030766e-07,-2.755313822701e-08,0.000000000000e+00,0.000000000000e+00
3.000000000000e-12,OK,,4.791283409133e-06,-1.608076448204e-06,-4.597560304390e-07,1.608076448204e-06,4.597560304390e-07,1.608076448204e-06,2.207073600000e-09,7.546212500000e-07,1.000000000000e-05,1,1,5.000000000000e-06,24,2.234581500059e+00,BORIS,L1/dt-3e-12/eps-1e-05/ranks-1,4.791283409133e-06,6.463161293674e-07,R34,2.016130000000e+00,-1.386353478230e+00,-1.278846202873e+00,0.000000000000e+00,0.000000000000e+00,0.000000000000e+00,-7.209434908487e-01,-1.386353392632e+00,0.000000000000e+00,0.000000000000e+00,0.000000000000e+00,0.000000000000e+00,0.000000000000e+00,3.851349721116e+00,1.040675836670e+01,0.000000000000e+00,0.000000000000e+00,0.000000000000e+00,0.000000000000e+00,1.329222231672e+00,3.851349696784e+00,0.000000000000e+00,0.000000000000e+00,-2.326600467253e-07,1.996523886300e-06,0.000000000000e+00,0.000000000000e+00,1.000000000008e+00,-9.437615939880e-02,-1.412208364616e-10,-2.274439590557e-10,0.000000000000e+00,0.000000000000e+00,0.000000000000e+00,1.000000000054e+00,6.232270278832e-06,-4.260733291640e-06,5.156222518234e-07,0.000000000000e+00,0.000000000000e+00
1.000000000000e-11,OK,,5.300230340843e-05,-1.745065944994e-05,-5.269642578587e-06,1.745065944994e-05,5.269642578587e-06,1.745065944994e-05,2.670266500000e-08,8.196546300000e-08,3.000000000000e-03,1,1,1.500000000000e-03,24,1.848270582967e+00,BORIS,L1/dt-1e-11/eps-0.003/ranks-1,5.300230340843e-05,6.988110134586e-06,R34,1.626050000000e+00,-1.386365171343e+00,-1.278884333157e+00,0.000000000000e+00,0.000000000000e+00,0.000000000000e+00,-7.209472764553e-01,-1.386365018719e+00,0.000000000000e+00,0.000000000000e+00,0.000000000000e+00,0.000000000000e+00,0.000000000000e+00,3.851325781694e+00,1.040671015568e+01,0.000000000000e+00,0.000000000000e+00,0.000000000000e+00,0.000000000000e+00,1.329210595852e+00,3.851325548948e+00,0.000000000000e+00,0.000000000000e+00,5.193390997970e-06,1.751017344565e-05,0.000000000000e+00,0.000000000000e+00,1.000000000000e+00,-9.436908695277e-02,6.087239761679e-14,-2.081043254171e-13,0.000000000000e+00,0.000000000000e+00,0.000000000000e+00,9.999999999997e-01,5.300544999898e-05,-1.744318079285e-05,-5.270404065519e-06,0.000000000000e+00,0.000000000000e+00
3.000000000000e-11,OK,,4.569259134097e-04,-1.548875953520e-04,-4.689023562771e-05,1.548875953520e-04,4.689023562771e-05,1.548875953520e-04,4.416940100000e-09,7.270634400000e-05,1.000000000000e-04,1,1,5.000000000000e-05,24,1.831495792139e+00,BORIS,L1/dt-3e-11/eps-0.0001/ranks-1,4.569259134097e-04,6.209375218219e-05,R34,1.608320000000e+00,-1.386466547351e+00,-1.279215088978e+00,0.000000000000e+00,0.000000000000e+00,0.000000000000e+00,-7.209799003013e-01,-1.386465743008e+00,0.000000000000e+00,0.000000000000e+00,0.000000000000e+00,0.000000000000e+00,0.000000000000e+00,3.851125574693e+00,1.040630623207e+01,0.000000000000e+00,0.000000000000e+00,0.000000000000e+00,0.000000000000e+00,1.329112898712e+00,3.851122367563e+00,0.000000000000e+00,0.000000000000e+00,-2.604724368285e-05,1.969920700507e-04,0.000000000000e+00,0.000000000000e+00,1.000000000001e+00,-9.426483743116e-02,-3.145615875034e-12,7.004799235082e-12,0.000000000000e+00,0.000000000000e+00,0.000000000000e+00,1.000000000001e+00,4.569291700012e-04,-1.546045394786e-04,-4.682660558963e-05,0.000000000000e+00,0.000000000000e+00
1.000000000000e-13,OK,,1.141348437983e-08,-8.072299378133e-09,-1.570483287548e-09,8.072299378133e-09,1.570483287548e-09,8.072299378133e-09,2.470341700000e-10,2.842386200000e-09,3.000000000000e-02,2,1,7.500000000000e-03,36,3.873438541684e+01,BORIS,L2/dt-1e-13/eps-0.03/ranks-1,1.141348437983e-08,1.386381191188e-09,R12,3.850000000000e+01,-1.386352258734e+00,-1.278842330793e+00,0.000000000000e+00,0.000000000000e+00,0.000000000000e+00,-7.209431228525e-01,-1.386352257329e+00,0.000000000000e+00,0.000000000000e+00,0.000000000000e+00,0.000000000000e+00,0.000000000000e+00,3.851352100322e+00,1.040676316143e+01,0.000000000000e+00,0.000000000000e+00,0.000000000000e+00,0.000000000000e+00,1.329223389187e+00,3.851352100124e+00,0.000000000000e+00,0.000000000000e+00,1.632233028656e-09,6.340387344880e-09,0.000000000000e+00,0.000000000000e+00,1.000000000004e+00,-9.437723044393e-02,-1.654394625503e-12,-1.309853568482e-12,0.000000000000e+00,0.000000000000e+00,0.000000000000e+00,1.000000000002e+00,0.000000000000e+00,0.000000000000e+00,0.000000000000e+00,0.000000000000e+00,0.000000000000e+00
3.000000000000e-13,OK,,3.972340856251e-08,-1.217169321892e-08,1.150485953449e-09,1.217169321892e-08,1.150485953449e-09,1.217169321892e-08,3.978807300000e-10,8.650734900000e-09,3.000000000000e-04,2,1,7.500000000000e-05,36,1.378324445896e+01,BORIS,L2/dt-3e-13/eps-0.0003/ranks-1,3.972340856251e-08,5.121459030773e-09,R34,1.356330000000e+01,-1.386352265190e+00,-1.278842347602e+00,0.000000000000e+00,0.000000000000e+00,0.000000000000e+00,-7.209431297145e-01,-1.386352265774e+00,0.000000000000e+00,0.000000000000e+00,0.000000000000e+00,0.000000000000e+00,0.000000000000e+00,3.851352078937e+00,1.040676311826e+01,0.000000000000e+00,0.000000000000e+00,0.000000000000e+00,0.000000000000e+00,1.329223378795e+00,3.851352078530e+00,0.000000000000e+00,0.000000000000e+00,4.003790496721e-09,9.705644296287e-09,0.000000000000e+00,0.000000000000e+00,9.999999999993e-01,-9.437724363449e-02,-1.038152386220e-10,-1.148009256743e-10,0.000000000000e+00,0.000000000000e+00,0.000000000000e+00,1.000000000086e+00,2.087505199949e-07,-2.433416029797e-09,-3.700436320881e-08,0.000000000000e+00,0.000000000000e+00
1.000000000000e-12,OK,,4.985394843615e-07,-2.052923343431e-07,-5.651956796002e-08,2.052923343431e-07,5.651956796002e-08,2.052923343431e-07,3.433575800000e-09,6.678453600000e-09,1.000000000000e-01,2,1,2.500000000000e-02,36,6.219190040836e+00,BORIS,L2/dt-1e-12/eps-0.1/ranks-1,4.985394843615e-07,6.433387775851e-08,R12,5.977080000000e+00,-1.386352409950e+00,-1.278842817919e+00,0.000000000000e+00,0.000000000000e+00,0.000000000000e+00,-7.209431719080e-01,-1.386352407205e+00,0.000000000000e+00,0.000000000000e+00,0.000000000000e+00,0.000000000000e+00,0.000000000000e+00,3.851351916328e+00,1.040676279234e+01,0.000000000000e+00,0.000000000000e+00,0.000000000000e+00,0.000000000000e+00,1.329223299189e+00,3.851351911818e+00,0.000000000000e+00,0.000000000000e+00,6.476685251983e-08,2.097555619530e-07,0.000000000000e+00,0.000000000000e+00,9.999999999995e-01,-9.437713305378e-02,-3.265002817200e-14,-7.958647848024e-14,0.000000000000e+00,0.000000000000e+00,0.000000000000e+00,1.000000000000e+00,5.303300003590e-07,-1.746122603048e-07,-5.288201730615e-08,0.000000000000e+00,0.000000000000e+00
3.000000000000e-12,OK,,4.631493409235e-06,-1.615013683064e-06,-4.824774611451e-07,1.615013683064e-06,4.824774611451e-07,1.615013683064e-06,3.589930000000e-09,6.838085100000e-09,1.000000000000e-01,2,1,2.500000000000e-02,36,3.520233375020e+00,BORIS,L2/dt-3e-12/eps-0.1/ranks-1,4.631493409235e-06,6.254810162333e-07,R34,3.275980000000e+00,-1.386353452585e+00,-1.278846211814e+00,0.000000000000e+00,0.000000000000e+00,0.000000000000e+00,-7.209435072481e-01,-1.386353438830e+00,0.000000000000e+00,0.000000000000e+00,0.000000000000e+00,0.000000000000e+00,0.000000000000e+00,3.851349799663e+00,1.040675852649e+01,0.000000000000e+00,0.000000000000e+00,0.000000000000e+00,0.000000000000e+00,1.329222269362e+00,3.851349773458e+00,0.000000000000e+00,0.000000000000e+00,4.904425219265e-07,1.619388366120e-06,0.000000000000e+00,0.000000000000e+00,1.000000000000e+00,-9.437648058938e-02,7.137454186339e-15,1.169330153759e-13,0.000000000000e+00,0.000000000000e+00,0.000000000000e+00,1.000000000000e+00,4.796180000710e-06,-1.584333609026e-06,-4.788399104912e-07,0.000000000000e+00,0.000000000000e+00
1.000000000000e-11,OK,,5.297355340872e-05,-1.745077175261e-05,-5.269629508132e-06,1.745077175261e-05,5.269629508132e-06,1.745077175261e-05,2.888827700000e-08,8.255022000000e-08,1.000000000000e-02,2,1,2.500000000000e-03,36,2.793704541866e+00,BORIS,L2/dt-1e-11/eps-0.01/ranks-1,5.297355340872e-05,6.984873323222e-06,R34,2.573000000000e+00,-1.386365171383e+00,-1.278884333269e+00,0.000000000000e+00,0.000000000000e+00,0.000000000000e+00,-7.209472764709e-01,-1.386365018781e+00,0.000000000000e+00,0.000000000000e+00,0.000000000000e+00,0.000000000000e+00,0.000000000000e+00,3.851325795733e+00,1.040671018443e+01,0.000000000000e+00,0.000000000000e+00,0.000000000000e+00,0.000000000000e+00,1.329210603027e+00,3.851325563641e+00,0.000000000000e+00,0.000000000000e+00,5.192905333592e-06,1.747178547014e-05,0.000000000000e+00,0.000000000000e+00,1.000000000000e+00,-9.436912392175e-02,-2.437181856977e-14,3.996678396968e-13,0.000000000000e+00,0.000000000000e+00,0.000000000000e+00,1.000000000000e+00,5.297685999928e-05,-1.744454946817e-05,-5.266179689462e-06,0.000000000000e+00,0.000000000000e+00
3.000000000000e-11,OK,,4.569021034087e-04,-1.548786209533e-04,-4.688792508900e-05,1.548786209533e-04,4.688792508900e-05,1.548786209533e-04,3.487177200000e-09,5.164655900000e-07,3.000000000000e-02,2,1,7.500000000000e-03,36,2.931785208173e+00,BORIS,L2/dt-3e-11/eps-0.03/ranks-1,4.569021034087e-04,6.094874396306e-05,R34,2.688280000000e+00,-1.386466550806e+00,-1.279215071182e+00,0.000000000000e+00,0.000000000000e+00,0.000000000000e+00,-7.209799008349e-01,-1.386465736980e+00,0.000000000000e+00,0.000000000000e+00,0.000000000000e+00,0.000000000000e+00,0.000000000000e+00,3.851125589651e+00,1.040630625588e+01,0.000000000000e+00,0.000000000000e+00,0.000000000000e+00,0.000000000000e+00,1.329112906354e+00,3.851122379003e+00,0.000000000000e+00,0.000000000000e+00,4.613936740905e-05,1.550265694618e-04,0.000000000000e+00,0.000000000000e+00,1.000000000000e+00,-9.430517142082e-02,6.309070155373e-14,1.884754951356e-13,0.000000000000e+00,0.000000000000e+00,0.000000000000e+00,1.000000000000e+00,4.569055499992e-04,-1.548705486539e-04,-4.688635460571e-05,0.000000000000e+00,0.000000000000e+00
1.000000000000e-13,OK,,9.118535296244e-09,-5.625266258005e-09,-2.407758203606e-09,5.625266258005e-09,2.407758203606e-09,5.625266258005e-09,1.966965500000e-10,4.398596900000e-09,3.000000000000e-02,3,1,3.750000000000e-03,48,4.876164833293e+01,BORIS,L3/dt-1e-13/eps-0.03/ranks-1,9.118535296244e-09,1.253171302130e-09,R52,4.853820000000e+01,-1.386352254787e+00,-1.278842325042e+00,0.000000000000e+00,0.000000000000e+00,0.000000000000e+00,-7.209431239460e-01,-1.386352259327e+00,0.000000000000e+00,0.000000000000e+00,0.000000000000e+00,0.000000000000e+00,0.000000000000e+00,3.851352100245e+00,1.040676316125e+01,0.000000000000e+00,0.000000000000e+00,0.000000000000e+00,0.000000000000e+00,1.329223389160e+00,3.851352100068e+00,0.000000000000e+00,0.000000000000e+00,3.268215938765e-09,9.118535629311e-09,0.000000000000e+00,0.000000000000e+00,1.000000000004e+00,-9.437722772321e-02,-3.152732544427e-12,-5.098679612853e-12,0.000000000000e+00,0.000000000000e+00,0.000000000000e+00,1.000000000003e+00,0.000000000000e+00,0.000000000000e+00,0.000000000000e+00,0.000000000000e+00,0.000000000000e+00
3.000000000000e-13,OK,,3.975340945317e-08,-2.031905995158e-08,-7.907696750524e-09,2.031905995158e-08,7.907696750524e-09,2.031905995158e-08,1.563570400000e-10,1.197971600000e-08,3.000000000000e-03,3,1,3.750000000000e-04,48,1.811238758289e+01,BORIS,L3/dt-3e-13/eps-0.003/ranks-1,3.975340945317e-08,6.486341674902e-09,R34,1.789250000000e+01,-1.386352265118e+00,-1.278842356499e+00,0.000000000000e+00,0.000000000000e+00,0.000000000000e+00,-7.209431278393e-01,-1.386352268987e+00,0.000000000000e+00,0.000000000000e+00,0.000000000000e+00,0.000000000000e+00,0.000000000000e+00,3.851352078923e+00,1.040676311823e+01,0.000000000000e+00,0.000000000000e+00,0.000000000000e+00,0.000000000000e+00,1.329223378792e+00,3.851352078528e+00,0.000000000000e+00,0.000000000000e+00,1.046929087855e-08,3.003533922287e-08,0.000000000000e+00,0.000000000000e+00,9.999999999984e-01,-9.437721003298e-02,-3.618903939130e-12,1.116547569745e-11,0.000000000000e+00,0.000000000000e+00,0.000000000000e+00,9.999999999906e-01,5.372599987119e-08,-5.173858807975e-08,-8.507418650449e-09,0.000000000000e+00,0.000000000000e+00
1.000000000000e-12,OK,,5.271234098103e-07,-2.542478264115e-07,1.653493122300e-07,2.542478264115e-07,1.653493122300e-07,2.542478264115e-07,9.418904800000e-09,7.429111900000e-07,1.000000000000e-05,3,1,1.250000000000e-06,48,7.458833290963e+00,BORIS,L3/dt-1e-12/eps-1e-05/ranks-1,5.271234098103e-07,7.586489971900e-08,R34,7.240370000000e+00,-1.386352560952e+00,-1.278842602746e+00,0.000000000000e+00,0.000000000000e+00,0.000000000000e+00,-7.209432006685e-01,-1.386352162418e+00,0.000000000000e+00,0.000000000000e+00,0.000000000000e+00,0.000000000000e+00,0.000000000000e+00,3.851351837071e+00,1.040676263086e+01,0.000000000000e+00,0.000000000000e+00,0.000000000000e+00,0.000000000000e+00,1.329223261135e+00,3.851351834252e+00,0.000000000000e+00,0.000000000000e+00,1.740555618789e-07,-1.785656389528e-07,0.000000000000e+00,0.000000000000e+00,9.999999999575e-01,-9.437750821435e-02,2.554005478425e-10,-4.373707194769e-09,0.000000000000e+00,0.000000000000e+00,0.000000000000e+00,9.999999990486e-01,1.450605488416e-05,8.114450987059e-06,2.707296085622e-06,0.000000000000e+00,0.000000000000e+00
3.000000000000e-12,OK,,4.791033410001e-06,-1.591397539596e-06,-4.808375864024e-07,1.591397539596e-06,4.808375864024e-07,1.591397539596e-06,1.629929500000e-11,2.117954500000e-10,1.000000000000e-01,3,1,1.250000000000e-02,48,4.581935750088e+00,BORIS,L3/dt-3e-12/eps-0.1/ranks-1,4.791033410001e-06,6.334690563263e-07,R34,4.340070000000e+00,-1.386353430017e+00,-1.278846144315e+00,0.000000000000e+00,0.000000000000e+00,0.000000000000e+00,-7.209435003027e-01,-1.386353417518e+00,0.000000000000e+00,0.000000000000e+00,0.000000000000e+00,0.000000000000e+00,0.000000000000e+00,3.851349721210e+00,1.040675836695e+01,0.000000000000e+00,0.000000000000e+00,0.000000000000e+00,0.000000000000e+00,1.329222231721e+00,3.851349696921e+00,0.000000000000e+00,0.000000000000e+00,4.804850639497e-07,1.591471155735e-06,0.000000000000e+00,0.000000000000e+00,1.000000000000e+00,-9.437649775493e-02,1.692909457296e-13,2.735417476121e-13,0.000000000000e+00,0.000000000000e+00,0.000000000000e+00,1.000000000000e+00,4.794280000553e-06,-1.583377591156e-06,-4.783673543796e-07,0.000000000000e+00,0.000000000000e+00
1.000000000000e-11,OK,,5.296003340938e-05,-1.745184712969e-05,-5.270034097846e-06,1.745184712969e-05,5.270034097846e-06,1.745184712969e-05,2.972103200000e-08,2.979440600000e-08,1.000000000000e-01,3,1,1.250000000000e-02,48,3.915976625169e+00,BORIS,L3/dt-1e-11/eps-0.1/ranks-1,5.296003340938e-05,6.984019012617e-06,R34,3.661820000000e+00,-1.386365172257e+00,-1.278884335951e+00,0.000000000000e+00,0.000000000000e+00,0.000000000000e+00,-7.209472768029e-01,-1.386365019755e+00,0.000000000000e+00,0.000000000000e+00,0.000000000000e+00,0.000000000000e+00,0.000000000000e+00,3.851325802337e+00,1.040671019795e+01,0.000000000000e+00,0.000000000000e+00,0.000000000000e+00,0.000000000000e+00,1.329210606395e+00,3.851325570533e+00,0.000000000000e+00,0.000000000000e+00,5.262195555356e-06,1.745973482241e-05,0.000000000000e+00,0.000000000000e+00,1.000000000000e+00,-9.436913333254e-02,-5.874647642309e-15,-8.131803430249e-14,0.000000000000e+00,0.000000000000e+00,0.000000000000e+00,9.999999999999e-01,5.296327999993e-05,-1.744382718125e-05,-5.267563865823e-06,0.000000000000e+00,0.000000000000e+00
3.000000000000e-11,OK,,4.570085434086e-04,-1.548798549959e-04,-4.688793133509e-05,1.548798549959e-04,4.688793133509e-05,1.548798549959e-04,2.120565400000e-08,1.009637000000e-04,3.000000000000e-04,3,1,3.750000000000e-05,48,3.381412040908e+00,BORIS,L3/dt-3e-11/eps-0.0003/ranks-1,4.570085434086e-04,6.279328371136e-05,R34,3.164030000000e+00,-1.386466550140e+00,-1.279215075365e+00,0.000000000000e+00,0.000000000000e+00,0.000000000000e+00,-7.209799003452e-01,-1.386465738488e+00,0.000000000000e+00,0.000000000000e+00,0.000000000000e+00,0.000000000000e+00,0.000000000000e+00,3.851125533027e+00,1.040630614944e+01,0.000000000000e+00,0.000000000000e+00,0.000000000000e+00,0.000000000000e+00,1.329112877413e+00,3.851122325609e+00,0.000000000000e+00,0.000000000000e+00,-5.430698246668e-05,2.134040713641e-04,0.000000000000e+00,0.000000000000e+00,1.000000000002e+00,-9.424905991730e-02,1.721225401208e-12,2.702298812686e-11,0.000000000000e+00,0.000000000000e+00,0.000000000000e+00,9.999999999993e-01,4.570117800000e-04,-1.547338311232e-04,-4.689701109371e-05,0.000000000000e+00,0.000000000000e+00
1.000000000000e-13,OK,,9.361484476500e-09,-7.103862181748e-09,-2.120368726172e-09,7.103862181748e-09,2.120368726172e-09,7.103862181748e-09,2.542031000000e-10,1.942983500000e-09,1.000000000000e-01,4,1,6.250000000000e-03,60,5.991323566693e+01,BORIS,L4/dt-1e-13/eps-0.1/ranks-1,9.361484476500e-09,1.429607361935e-09,R12,5.969300000000e+01,-1.386352257122e+00,-1.278842328741e+00,0.000000000000e+00,0.000000000000e+00,0.000000000000e+00,-7.209431231903e-01,-1.386352258177e+00,0.000000000000e+00,0.000000000000e+00,0.000000000000e+00,0.000000000000e+00,0.000000000000e+00,3.851352100275e+00,1.040676316134e+01,0.000000000000e+00,0.000000000000e+00,0.000000000000e+00,0.000000000000e+00,1.329223389160e+00,3.851352100069e+00,0.000000000000e+00,0.000000000000e+00,2.428949600470e-09,9.079894069106e-09,0.000000000000e+00,0.000000000000e+00,1.000000000004e+00,-9.437722717623e-02,-9.669429973784e-13,-7.677825913443e-13,0.000000000000e+00,0.000000000000e+00,0.000000000000e+00,1.000000000002e+00,0.000000000000e+00,0.000000000000e+00,0.000000000000e+00,0.000000000000e+00,0.000000000000e+00
3.000000000000e-13,OK,,3.975340945317e-08,-2.257663624899e-08,-8.457536823862e-09,2.257663624899e-08,8.457536823862e-09,2.257663624899e-08,3.449645000000e-10,5.162388100000e-09,1.000000000000e-02,4,1,6.250000000000e-04,60,2.297220429196e+01,BORIS,L4/dt-3e-13/eps-0.01/ranks-1,3.975340945317e-08,6.235790416871e-09,R34,2.275170000000e+01,-1.386352265733e+00,-1.278842357984e+00,0.000000000000e+00,0.000000000000e+00,0.000000000000e+00,-7.209431274056e-01,-1.386352268600e+00,0.000000000000e+00,0.000000000000e+00,0.000000000000e+00,0.000000000000e+00,0.000000000000e+00,3.851352078925e+00,1.040676311823e+01,0.000000000000e+00,0.000000000000e+00,0.000000000000e+00,0.000000000000e+00,1.329223378795e+00,3.851352078532e+00,0.000000000000e+00,0.000000000000e+00,9.713832623630e-09,2.261113081679e-08,0.000000000000e+00,0.000000000000e+00,9.999999999990e-01,-9.437721692183e-02,-1.050175073490e-12,1.353856349488e-11,0.000000000000e+00,0.000000000000e+00,0.000000000000e+00,1.000000000002e+00,4.302000000678e-08,-2.103431996549e-08,-8.597502367238e-09,0.000000000000e+00,0.000000000000e+00
1.000000000000e-12,OK,,5.271234098103e-07,-1.811063040566e-07,-6.986241879175e-08,1.811063040566e-07,6.986241879175e-08,1.811063040566e-07,1.313535900000e-09,6.055752600000e-09,3.000000000000e-04,4,1,1.875000000000e-05,60,9.285442708060e+00,BORIS,L4/dt-1e-12/eps-0.0003/ranks-1,5.271234098103e-07,6.860422463573e-08,R34,9.066130000000e+00,-1.386352362407e+00,-1.278842710645e+00,0.000000000000e+00,0.000000000000e+00,0.000000000000e+00,-7.209431719372e-01,-1.386352395671e+00,0.000000000000e+00,0.000000000000e+00,0.000000000000e+00,0.000000000000e+00,0.000000000000e+00,3.851351837071e+00,1.040676263086e+01,0.000000000000e+00,0.000000000000e+00,0.000000000000e+00,0.000000000000e+00,1.329223261135e+00,3.851351834251e+00,0.000000000000e+00,0.000000000000e+00,3.978239335824e-08,1.618923640613e-07,0.000000000000e+00,0.000000000000e+00,1.000000000002e+00,-9.437713042804e-02,-1.400422170991e-10,-3.651615852775e-10,0.000000000000e+00,0.000000000000e+00,0.000000000000e+00,1.000000000037e+00,9.836174700018e-07,2.201147452588e-07,-8.178814794803e-08,0.000000000000e+00,0.000000000000e+00
3.000000000000e-12,OK,,4.791163409124e-06,-2.738574107414e-06,-3.409538175513e-07,2.738574107414e-06,3.409538175513e-07,2.738574107414e-06,1.293149000000e-08,2.418289400000e-06,3.000000000000e-06,4,1,1.875000000000e-07,60,5.152512167115e+00,BORIS,L4/dt-3e-12/eps-3e-06/ranks-1,4.791163409124e-06,6.244315270147e-07,R34,4.933260000000e+00,-1.386353107101e+00,-1.278845491188e+00,0.000000000000e+00,0.000000000000e+00,0.000000000000e+00,-7.209437502263e-01,-1.386353649203e+00,0.000000000000e+00,0.000000000000e+00,0.000000000000e+00,0.000000000000e+00,0.000000000000e+00,3.851349721175e+00,1.040675836682e+01,0.000000000000e+00,0.000000000000e+00,0.000000000000e+00,0.000000000000e+00,1.329222231702e+00,3.851349696845e+00,0.000000000000e+00,0.000000000000e+00,-2.394079806740e-07,9.423822424025e-07,0.000000000000e+00,0.000000000000e+00,1.000000000002e+00,-9.437677850565e-02,-1.289764459822e-09,-7.068048439871e-10,0.000000000000e+00,0.000000000000e+00,0.000000000000e+00,9.999999882296e-01,5.187071500012e-05,-1.960203306233e-05,2.296461227269e-06,0.000000000000e+00,0.000000000000e+00
1.000000000000e-11,OK,,5.297225340861e-05,-1.744991699419e-05,-5.267159983344e-06,1.744991699419e-05,5.267159983344e-06,1.744991699419e-05,2.990282700000e-08,7.499647900000e-06,3.000000000000e-04,4,1,1.875000000000e-05,60,4.440345417010e+00,BORIS,L4/dt-1e-11/eps-0.0003/ranks-1,5.297225340861e-05,7.096944352051e-06,R34,4.219010000000e+00,-1.386365172712e+00,-1.278884337517e+00,0.000000000000e+00,0.000000000000e+00,0.000000000000e+00,-7.209472756635e-01,-1.386365018352e+00,0.000000000000e+00,0.000000000000e+00,0.000000000000e+00,0.000000000000e+00,0.000000000000e+00,3.851325796373e+00,1.040671018573e+01,0.000000000000e+00,0.000000000000e+00,0.000000000000e+00,0.000000000000e+00,1.329210603355e+00,3.851325564307e+00,0.000000000000e+00,0.000000000000e+00,-2.221379681794e-06,2.180559326606e-05,0.000000000000e+00,0.000000000000e+00,9.999999999975e-01,-9.436496032867e-02,-5.573751521725e-11,-4.491641590509e-11,0.000000000000e+00,0.000000000000e+00,0.000000000000e+00,9.999999998822e-01,5.297545999916e-05,-1.704869594487e-05,-5.279085712500e-06,0.000000000000e+00,0.000000000000e+00
3.000000000000e-11,OK,,4.568851534099e-04,-1.548220322930e-04,-4.686518024155e-05,1.548220322930e-04,4.686518024155e-05,1.548220322930e-04,1.350880800000e-08,1.161388000000e-04,1.000000000000e-04,4,1,6.250000000000e-06,60,4.196531584021e+00,BORIS,L4/dt-3e-11/eps-0.0001/ranks-1,4.568851534099e-04,6.109441145475e-05,R34,3.973820000000e+00,-1.386466493859e+00,-1.279214927256e+00,0.000000000000e+00,0.000000000000e+00,0.000000000000e+00,-7.209798793695e-01,-1.386465680155e+00,0.000000000000e+00,0.000000000000e+00,0.000000000000e+00,0.000000000000e+00,0.000000000000e+00,3.851125593226e+00,1.040630627283e+01,0.000000000000e+00,0.000000000000e+00,0.000000000000e+00,0.000000000000e+00,1.329112908186e+00,3.851122388695e+00,0.000000000000e+00,0.000000000000e+00,1.627853648093e-04,8.724070301629e-05,0.000000000000e+00,0.000000000000e+00,1.000000000013e+00,-9.437030898759e-02,6.926963293530e-11,9.167664051003e-11,0.000000000000e+00,0.000000000000e+00,0.000000000000e+00,1.000000000000e+00,4.568885200005e-04,-1.573106496979e-04,-4.687130860997e-05,0.000000000000e+00,0.000000000000e+00
