name,source_type,survey_type,length_m,source_elemedge_m,entry_x_m,entry_z_m,exit_x_m,exit_z_m,gap_from_previous_m
sp0_dr1,DRIFT,DRIFT,0.525,0.0,0.0,0.0,0.0,0.525,0.0
sp0_dr2a,DRIFT,DRIFT,0.2055,0.525,0.0,0.525,0.0,0.7305,0.0
sp0_dr2b,DRIFT,DRIFT,1.4875,0.7305,0.0,0.7305,0.0,2.218,0.0
sp0_dr3a,DRIFT,DRIFT,0.207,2.218,0.0,2.218,0.0,2.425,0.0
sp0_dr3b,DRIFT,DRIFT,0.6198996,2.425,0.0,2.425,0.0,3.0448996,0.0
sp0_qd,MULTIPOLET,DRIFT,0.7302008,3.0448996,0.0,3.0448996,0.0,3.7751004,0.0
sp0_dr4,DRIFT,DRIFT,0.2031496,3.7751004,0.0,3.7751004,0.0,3.97825,0.0
sp0_qtd,MULTIPOLET,DRIFT,0.307,3.97825,0.0,3.97825,0.0,4.28525,0.0
sp0_dr5,DRIFT,DRIFT,0.2030703,4.28525,0.0,4.28525,0.0,4.4883203,0.0
sp0_qf,MULTIPOLET,DRIFT,0.7153594,4.4883203,0.0,4.4883203,0.0,5.2036797,0.0
sp0_dr6,DRIFT,DRIFT,0.2021203,5.2036797,0.0,5.2036797,0.0,5.4058,0.0
sp0_qtf,MULTIPOLET,DRIFT,0.307,5.4058,0.0,5.4058,0.0,5.7128,0.0
sp0_dr7,DRIFT,DRIFT,0.2582,5.7128,0.0,5.7128,0.0,5.971,0.0
sp0_dr8,DRIFT,DRIFT,0.368,5.971,0.0,5.971,0.0,6.339,0.0
sp0_idip1,DRIFT,DRIFT,0.5,6.339,0.0,6.339,0.0,6.839,0.0
sp0_dr9,DRIFT,DRIFT,1.0,6.839,0.0,6.839,0.0,7.839,0.0
sp0_idip2,DRIFT,DRIFT,0.5,7.839,0.0,7.839,0.0,8.339,0.0
sp0_dr10,DRIFT,DRIFT,0.17,8.339,0.0,8.339,0.0,8.509,0.0
sp0_dr11a,DRIFT,DRIFT,0.17,8.509,0.0,8.509,0.0,8.679,0.0
sp0_idip3,DRIFT,DRIFT,0.5,8.679,0.0,8.679,0.0,9.179,0.0
sp0_dr11b,DRIFT,DRIFT,1.0,9.179,0.0,9.179,0.0,10.179,0.0
sp0_idip4,DRIFT,DRIFT,0.5,10.179,0.0,10.179,0.0,10.679,0.0
sp0_dr12,DRIFT,DRIFT,0.35574945,10.679,0.0,10.679,0.0,11.03474945,0.0
sp0_qds,MULTIPOLET,DRIFT,0.4025011,11.03474945,0.0,11.03474945,0.0,11.43725055,0.0
sp0_dr13,DRIFT,DRIFT,0.49903145,11.43725055,0.0,11.43725055,0.0,11.936282,0.0
sp1_dip1,MULTIPOLET,SBEND,4.4,11.936282,0.0,11.936282,-1.337419133,16.05243485,0.0
sp0_dr13a,DRIFT,DRIFT,0.525,16.336282,-1.337419133,16.05243485,-1.646006391,16.47716877,0.0
sp1_dr2a,DRIFT,DRIFT,0.2055,16.861282,-1.646006391,16.47716877,-1.76679626,16.64342176,0.0
sp1_dr2b,DRIFT,DRIFT,1.4875,17.066782,-1.76679626,16.64342176,-2.641126823,17.84683454,0.0
sp1_dr3a,DRIFT,DRIFT,0.207,18.554282,-2.641126823,17.84683454,-2.76279837,18.01430106,0.0
sp1_dr3b,DRIFT,DRIFT,0.6198996,18.761282,-2.76279837,18.01430106,-3.127166213,18.51581037,0.0
sp1_qd,MULTIPOLET,DRIFT,0.7302008,19.3811816,-3.127166213,18.51581037,-3.556367474,19.10655523,0.0
sp1_dr4,DRIFT,DRIFT,0.2031496,20.1113824,-3.556367474,19.10655523,-3.675775813,19.27090671,0.0
sp1_qtd,MULTIPOLET,DRIFT,0.307,20.314532,-3.675775813,19.27090671,-3.856225886,19.51927492,0.0
sp1_dr5,DRIFT,DRIFT,0.2030703,20.621532,-3.856225886,19.51927492,-3.975587613,19.68356225,0.0
sp1_qf,MULTIPOLET,DRIFT,0.7153594,20.8246023,-3.975587613,19.68356225,-4.396065319,20.26230016,0.0
sp1_dr6,DRIFT,DRIFT,0.2021203,21.5399617,-4.396065319,20.26230016,-4.51486865,20.42581892,0.0
sp1_qtf,MULTIPOLET,DRIFT,0.307,21.742082,-4.51486865,20.42581892,-4.695318723,20.67418713,0.0
sp1_dr7,DRIFT,DRIFT,0.2582,22.049082,-4.695318723,20.67418713,-4.847084875,20.88307532,0.0
sp1_dr8,DRIFT,DRIFT,0.368,22.307282,-4.847084875,20.88307532,-5.063389848,21.18079358,0.0
sp1_idip1,DRIFT,DRIFT,0.5,22.675282,-5.063389848,21.18079358,-5.357282474,21.58530207,0.0
sp1_dr9,DRIFT,DRIFT,1.0,23.175282,-5.357282474,21.58530207,-5.945067726,22.39431907,0.0
sp1_idip2,DRIFT,DRIFT,0.5,24.175282,-5.945067726,22.39431907,-6.238960352,22.79882756,0.0
sp1_dr10,DRIFT,DRIFT,0.17,24.675282,-6.238960352,22.79882756,-6.338883845,22.93636045,0.0
sp1_dr11a,DRIFT,DRIFT,0.17,24.845282,-6.338883845,22.93636045,-6.438807338,23.07389334,0.0
sp1_idip3,DRIFT,DRIFT,0.5,25.015282,-6.438807338,23.07389334,-6.732699964,23.47840184,0.0
sp1_dr11b,DRIFT,DRIFT,1.0,25.515282,-6.732699964,23.47840184,-7.320485216,24.28741883,0.0
sp1_idip4,DRIFT,DRIFT,0.5,26.515282,-7.320485216,24.28741883,-7.614377842,24.69192733,0.0
sp1_dr12,DRIFT,DRIFT,0.35574945,27.015282,-7.614377842,24.69192733,-7.823482123,24.97973468,0.0
sp1_qds,MULTIPOLET,DRIFT,0.4025011,27.37103145,-7.823482123,24.97973468,-8.060066333,25.30536491,0.0
sp1_dr13,DRIFT,DRIFT,0.49903145,27.77353255,-8.060066333,25.30536491,-8.35338966,25.70908984,0.0
sp2_dip1,MULTIPOLET,SBEND,4.4,28.272564,-8.35338966,25.70908984,-11.85479841,28.2530122,0.0
sp1_dr13a,DRIFT,DRIFT,0.525,32.672564,-11.85479841,28.2530122,-12.35410308,28.41524612,0.0
sp2_dr2a,DRIFT,DRIFT,0.2055,33.197564,-12.35410308,28.41524612,-12.54954519,28.47874911,0.0
sp2_dr2b,DRIFT,DRIFT,1.4875,33.403064,-12.54954519,28.47874911,-13.96424176,28.93841189,0.0
sp2_dr3a,DRIFT,DRIFT,0.207,34.890564,-13.96424176,28.93841189,-14.16111046,29.00237841,0.0
sp2_dr3b,DRIFT,DRIFT,0.6198996,35.097564,-14.16111046,29.00237841,-14.75067001,29.19393792,0.0
sp2_qd,MULTIPOLET,DRIFT,0.7302008,35.7174636,-14.75067001,29.19393792,-15.44513224,29.41958238,0.0
sp2_dr4,DRIFT,DRIFT,0.2031496,36.4476644,-15.44513224,29.41958238,-15.63833899,29.48235906,0.0
sp2_qtd,MULTIPOLET,DRIFT,0.307,36.650814,-15.63833899,29.48235906,-15.93031334,29.57722727,0.0
sp2_dr5,DRIFT,DRIFT,0.2030703,36.957814,-15.93031334,29.57722727,-16.12344468,29.63997945,0.0
sp2_qf,MULTIPOLET,DRIFT,0.7153594,37.1608843,-16.12344468,29.63997945,-16.8037919,29.86103766,0.0
sp2_dr6,DRIFT,DRIFT,0.2021203,37.8762437,-16.8037919,29.86103766,-16.99601972,29.92349627,0.0
sp2_qtf,MULTIPOLET,DRIFT,0.307,38.078364,-16.99601972,29.92349627,-17.28799407,30.01836449,0.0
sp2_dr7,DRIFT,DRIFT,2.82199945,38.385364,-17.28799407,30.01836449,-19.97187504,30.89041027,0.0
sp2_rf,VARIABLE_RF_CAVITY,DRIFT,1.0,41.20736345,-19.97187504,30.89041027,-20.92293156,31.19942727,0.0
sp2_dr12,DRIFT,DRIFT,1.49995,42.20736345,-20.92293156,31.19942727,-22.34946878,31.66293731,0.0
sp2_qds,MULTIPOLET,DRIFT,0.4025011,43.70731345,-22.34946878,31.66293731,-22.73227007,31.78731699,0.0
sp2_dr13,DRIFT,DRIFT,0.49903145,44.10981455,-22.73227007,31.78731699,-23.20687718,31.94152619,0.0
sp3_dip1,MULTIPOLET,SBEND,4.4,44.608846,-23.20687718,31.94152619,-27.53485641,31.94152619,0.0
sp2_dr13a,DRIFT,DRIFT,0.525,49.008846,-27.53485641,31.94152619,-28.03416109,31.77929227,0.0
sp3_dr2a,DRIFT,DRIFT,0.2055,49.533846,-28.03416109,31.77929227,-28.2296032,31.71578927,0.0
sp3_dr2b,DRIFT,DRIFT,1.4875,49.739346,-28.2296032,31.71578927,-29.64429977,31.25612649,0.0
sp3_dr3a,DRIFT,DRIFT,0.207,51.226846,-29.64429977,31.25612649,-29.84116847,31.19215998,0.0
sp3_dr3b,DRIFT,DRIFT,0.6198996,51.433846,-29.84116847,31.19215998,-30.43072802,31.00060046,0.0
sp3_qd,MULTIPOLET,DRIFT,0.7302008,52.0537456,-30.43072802,31.00060046,-31.12519025,30.77495601,0.0
sp3_dr4,DRIFT,DRIFT,0.2031496,52.7839464,-31.12519025,30.77495601,-31.318397,30.71217933,0.0
sp3_qtd,MULTIPOLET,DRIFT,0.307,52.987096,-31.318397,30.71217933,-31.61037135,30.61731111,0.0
sp3_dr5,DRIFT,DRIFT,0.2030703,53.294096,-31.61037135,30.61731111,-31.80350268,30.55455894,0.0
sp3_qf,MULTIPOLET,DRIFT,0.7153594,53.4971663,-31.80350268,30.55455894,-32.4838499,30.33350073,0.0
sp3_dr6,DRIFT,DRIFT,0.2021203,54.2125257,-32.4838499,30.33350073,-32.67607773,30.27104212,0.0
sp3_qtf,MULTIPOLET,DRIFT,0.307,54.414646,-32.67607773,30.27104212,-32.96805208,30.1761739,0.0
sp3_dr7,DRIFT,DRIFT,2.82199945,54.721646,-32.96805208,30.1761739,-35.65193305,29.30412811,0.0
sp3_rf,VARIABLE_RF_CAVITY,DRIFT,1.0,57.54364545,-35.65193305,29.30412811,-36.60298956,28.99511112,0.0
sp3_dr12,DRIFT,DRIFT,1.49995,58.54364545,-36.60298956,28.99511112,-38.02952678,28.53160108,0.0
sp3_qds,MULTIPOLET,DRIFT,0.4025011,60.04359545,-38.02952678,28.53160108,-38.41232808,28.4072214,0.0
sp3_dr13,DRIFT,DRIFT,0.49903145,60.44609655,-38.41232808,28.4072214,-38.88693519,28.2530122,0.0
sp4_dip1,MULTIPOLET,SBEND,4.4,60.945128,-38.88693519,28.2530122,-42.38834394,25.70908984,0.0
sp4_dr1,DRIFT,DRIFT,1.0,65.345128,-42.38834394,25.70908984,-42.97612919,24.90007284,0.0
sp4_rf2,VARIABLE_RF_CAVITY,DRIFT,1.0,66.345128,-42.97612919,24.90007284,-43.56391444,24.09105585,0.0
sp4_dr2,DRIFT,DRIFT,1.0448996,67.345128,-43.56391444,24.09105585,-44.17809102,23.24571431,0.0
sp4_qd,MULTIPOLET,DRIFT,0.7302008,68.3900276,-44.17809102,23.24571431,-44.60729228,22.65496946,0.0
sp4_dr4,DRIFT,DRIFT,0.2031496,69.1202284,-44.60729228,22.65496946,-44.72670062,22.49061798,0.0
sp4_qtd,MULTIPOLET,DRIFT,0.307,69.323378,-44.72670062,22.49061798,-44.90715069,22.24224976,0.0
sp4_dr5,DRIFT,DRIFT,0.2030703,69.630378,-44.90715069,22.24224976,-45.02651242,22.07796244,0.0
sp4_qf,MULTIPOLET,DRIFT,0.7153594,69.8334483,-45.02651242,22.07796244,-45.44699012,21.49922453,0.0
sp4_dr6,DRIFT,DRIFT,0.2021203,70.5488077,-45.44699012,21.49922453,-45.56579346,21.33570577,0.0
sp4_qtf,MULTIPOLET,DRIFT,0.307,70.750928,-45.56579346,21.33570577,-45.74624353,21.08733755,0.0
sp4_dr7,DRIFT,DRIFT,2.82199945,71.057928,-45.74624353,21.08733755,-47.40497319,18.80429204,0.0
sp4_rf,VARIABLE_RF_CAVITY,DRIFT,1.0,73.87992745,-47.40497319,18.80429204,-47.99275844,17.99527504,0.0
sp4_dr12,DRIFT,DRIFT,1.49995,74.87992745,-47.99275844,17.99527504,-48.87440693,16.78179,0.0
sp4_qds,MULTIPOLET,DRIFT,0.4025011,76.37987745,-48.87440693,16.78179,-49.11099114,16.45615977,0.0
sp4_dr13,DRIFT,DRIFT,0.49903145,76.78237855,-49.11099114,16.45615977,-49.40431447,16.05243485,0.0
sp5_dip1,MULTIPOLET,SBEND,4.4,77.28141,-49.40431447,16.05243485,-50.7417336,11.936282,0.0
sp4_dr13a,DRIFT,DRIFT,0.525,81.68141,-50.7417336,11.936282,-50.7417336,11.411282,0.0
sp5_dr2a,DRIFT,DRIFT,0.2055,82.20641,-50.7417336,11.411282,-50.7417336,11.205782,0.0
sp5_dr2b,DRIFT,DRIFT,1.4875,82.41191,-50.7417336,11.205782,-50.7417336,9.718282,0.0
sp5_dr3a,DRIFT,DRIFT,0.207,83.89941,-50.7417336,9.718282,-50.7417336,9.511282,0.0
sp5_dr3b,DRIFT,DRIFT,0.6198996,84.10641,-50.7417336,9.511282,-50.7417336,8.8913824,0.0
sp5_qd,MULTIPOLET,DRIFT,0.7302008,84.7263096,-50.7417336,8.8913824,-50.7417336,8.1611816,0.0
sp5_dr4,DRIFT,DRIFT,0.2031496,85.4565104,-50.7417336,8.1611816,-50.7417336,7.958032,0.0
sp5_qtd,MULTIPOLET,DRIFT,0.307,85.65966,-50.7417336,7.958032,-50.7417336,7.651032,0.0
sp5_dr5,DRIFT,DRIFT,0.2030703,85.96666,-50.7417336,7.651032,-50.7417336,7.4479617,0.0
sp5_qf,MULTIPOLET,DRIFT,0.7153594,86.1697303,-50.7417336,7.4479617,-50.7417336,6.7326023,0.0
sp5_dr6,DRIFT,DRIFT,0.2021203,86.8850897,-50.7417336,6.7326023,-50.7417336,6.530482,0.0
sp5_qtf,MULTIPOLET,DRIFT,0.307,87.08721,-50.7417336,6.530482,-50.7417336,6.223482,0.0
sp5_dr7,DRIFT,DRIFT,2.82199945,87.39421,-50.7417336,6.223482,-50.7417336,3.40148255,0.0
sp5_rf2,VARIABLE_RF_CAVITY,DRIFT,1.0,90.21620945,-50.7417336,3.40148255,-50.7417336,2.40148255,0.0
sp5_dr12,DRIFT,DRIFT,1.49995,91.21620945,-50.7417336,2.40148255,-50.7417336,0.90153255,0.0
sp5_qds,MULTIPOLET,DRIFT,0.4025011,92.71615945,-50.7417336,0.90153255,-50.7417336,0.49903145,0.0
sp5_dr13,DRIFT,DRIFT,0.49903145,93.11866055,-50.7417336,0.49903145,-50.7417336,0.0,0.0
sp6_dip1,MULTIPOLET,SBEND,4.4,93.617692,-50.7417336,0.0,-49.40431447,-4.116152849,0.0
sp5_dr13a,DRIFT,DRIFT,0.525,98.017692,-49.40431447,-4.116152849,-49.09572721,-4.540886771,0.0
sp6_vbe,MULTIPOLET,DRIFT,0.2055,98.542692,-49.09572721,-4.540886771,-48.97493734,-4.707139763,0.0
sp6_dr2b,DRIFT,DRIFT,1.4875,98.748192,-48.97493734,-4.707139763,-48.10060678,-5.910552542,0.0
sp6_dr3a,DRIFT,DRIFT,0.207,100.235692,-48.10060678,-5.910552542,-47.97893523,-6.07801906,0.0
sp6_dr3b,DRIFT,DRIFT,0.6198996,100.442692,-47.97893523,-6.07801906,-47.61456739,-6.579528371,0.0
sp6_qd,MULTIPOLET,DRIFT,0.7302008,101.0625916,-47.61456739,-6.579528371,-47.18536612,-7.170273228,0.0
sp6_dr4,DRIFT,DRIFT,0.2031496,101.7927924,-47.18536612,-7.170273228,-47.06595779,-7.334624707,0.0
sp6_qtd,MULTIPOLET,DRIFT,0.307,101.995942,-47.06595779,-7.334624707,-46.88550771,-7.582992924,0.0
sp6_dr5,DRIFT,DRIFT,0.2030703,102.302942,-46.88550771,-7.582992924,-46.76614599,-7.747280248,0.0
sp6_qf,MULTIPOLET,DRIFT,0.7153594,102.5060123,-46.76614599,-7.747280248,-46.34566828,-8.326018159,0.0
sp6_dr6,DRIFT,DRIFT,0.2021203,103.2213717,-46.34566828,-8.326018159,-46.22686495,-8.489536917,0.0
sp6_qtf,MULTIPOLET,DRIFT,0.307,103.423492,-46.22686495,-8.489536917,-46.04641488,-8.737905134,0.0
sp6_dr7,DRIFT,DRIFT,2.82199945,103.730492,-46.04641488,-8.737905134,-44.38768522,-11.02095065,0.0
sp6_rf2,VARIABLE_RF_CAVITY,DRIFT,1.0,106.5524915,-44.38768522,-11.02095065,-43.79989997,-11.82996764,0.0
sp6_dr12,DRIFT,DRIFT,1.49995,107.5524915,-43.79989997,-11.82996764,-42.91825148,-13.04345268,0.0
sp6_qds,MULTIPOLET,DRIFT,0.4025011,109.0524415,-42.91825148,-13.04345268,-42.68166727,-13.36908291,0.0
sp6_dr13,DRIFT,DRIFT,0.49903145,109.4549426,-42.68166727,-13.36908291,-42.38834394,-13.77280784,0.0
sp7_dip1,MULTIPOLET,SBEND,4.4,109.953974,-42.38834394,-13.77280784,-38.88693519,-16.3167302,0.0
sp7_dr1,DRIFT,DRIFT,0.525,114.353974,-38.88693519,-16.3167302,-38.38763052,-16.47896412,0.0
sp7_dr2a,DRIFT,DRIFT,0.2055,114.878974,-38.38763052,-16.47896412,-38.19218841,-16.54246711,0.0
sp7_dr2b,DRIFT,DRIFT,1.4875,115.084474,-38.19218841,-16.54246711,-36.77749184,-17.00212989,0.0
sp7_dr3a,DRIFT,DRIFT,0.207,116.571974,-36.77749184,-17.00212989,-36.58062314,-17.06609641,0.0
sp7_dr3b,DRIFT,DRIFT,0.6198996,116.778974,-36.58062314,-17.06609641,-35.99106358,-17.25765592,0.0
sp7_qd,MULTIPOLET,DRIFT,0.7302008,117.3988736,-35.99106358,-17.25765592,-35.29660136,-17.48330038,0.0
sp7_dr4,DRIFT,DRIFT,0.2031496,118.1290744,-35.29660136,-17.48330038,-35.1033946,-17.54607706,0.0
sp7_qtd,MULTIPOLET,DRIFT,0.307,118.332224,-35.1033946,-17.54607706,-34.81142025,-17.64094527,0.0
sp7_dr5,DRIFT,DRIFT,0.2030703,118.639224,-34.81142025,-17.64094527,-34.61828892,-17.70369745,0.0
sp7_qf,MULTIPOLET,DRIFT,0.7153594,118.8422943,-34.61828892,-17.70369745,-33.9379417,-17.92475566,0.0
sp7_dr6,DRIFT,DRIFT,0.2021203,119.5576537,-33.9379417,-17.92475566,-33.74571387,-17.98721427,0.0
sp7_qtf,MULTIPOLET,DRIFT,0.307,119.759774,-33.74571387,-17.98721427,-33.45373952,-18.08208249,0.0
sp7_dr7,DRIFT,DRIFT,2.82199945,120.066774,-33.45373952,-18.08208249,-30.76985856,-18.95412827,0.0
sp7_rf,VARIABLE_RF_CAVITY,DRIFT,1.0,122.8887735,-30.76985856,-18.95412827,-29.81880204,-19.26314527,0.0
sp7_dr12,DRIFT,DRIFT,1.49995,123.8887735,-29.81880204,-19.26314527,-28.39226482,-19.72665531,0.0
sp7_qds,MULTIPOLET,DRIFT,0.4025011,125.3887235,-28.39226482,-19.72665531,-28.00946353,-19.85103499,0.0
sp7_dr13,DRIFT,DRIFT,0.49903145,125.7912246,-28.00946353,-19.85103499,-27.53485641,-20.00524419,0.0
sp8_dip1,MULTIPOLET,SBEND,4.4,126.290256,-27.53485641,-20.00524419,-23.20687718,-20.00524419,0.0
sp8_dr1,DRIFT,DRIFT,1.0,130.690256,-23.20687718,-20.00524419,-22.25582067,-19.69622719,0.0
sp8_rf2,VARIABLE_RF_CAVITY,DRIFT,1.0,131.690256,-22.25582067,-19.69622719,-21.30476415,-19.3872102,0.0
sp8_dr2,DRIFT,DRIFT,1.0448996,132.690256,-21.30476415,-19.3872102,-20.31100558,-19.06431846,0.0
sp8_qd,MULTIPOLET,DRIFT,0.7302008,133.7351556,-20.31100558,-19.06431846,-19.61654335,-18.83867401,0.0
sp8_dr4,DRIFT,DRIFT,0.2031496,134.4653564,-19.61654335,-18.83867401,-19.4233366,-18.77589733,0.0
sp8_qtd,MULTIPOLET,DRIFT,0.307,134.668506,-19.4233366,-18.77589733,-19.13136225,-18.68102911,0.0
sp8_dr5,DRIFT,DRIFT,0.2030703,134.975506,-19.13136225,-18.68102911,-18.93823092,-18.61827694,0.0
sp8_qf,MULTIPOLET,DRIFT,0.7153594,135.1785763,-18.93823092,-18.61827694,-18.2578837,-18.39721873,0.0
sp8_dr6,DRIFT,DRIFT,0.2021203,135.8939357,-18.2578837,-18.39721873,-18.06565587,-18.33476012,0.0
sp8_qtf,MULTIPOLET,DRIFT,0.307,136.096056,-18.06565587,-18.33476012,-17.77368152,-18.2398919,0.0
sp8_dr7,DRIFT,DRIFT,2.82199945,136.403056,-17.77368152,-18.2398919,-15.08980055,-17.36784611,0.0
sp8_rf,VARIABLE_RF_CAVITY,DRIFT,1.0,139.2250555,-15.08980055,-17.36784611,-14.13874404,-17.05882912,0.0
sp8_dr12,DRIFT,DRIFT,1.49995,140.2250555,-14.13874404,-17.05882912,-12.71220681,-16.59531908,0.0
sp8_qds,MULTIPOLET,DRIFT,0.4025011,141.7250055,-12.71220681,-16.59531908,-12.32940552,-16.4709394,0.0
sp8_dr13,DRIFT,DRIFT,0.49903145,142.1275066,-12.32940552,-16.4709394,-11.85479841,-16.3167302,0.0
sp9_dip1,MULTIPOLET,SBEND,4.4,142.626538,-11.85479841,-16.3167302,-8.35338966,-13.77280784,0.0
sp8_dr13a,DRIFT,DRIFT,0.525,147.026538,-8.35338966,-13.77280784,-8.044802403,-13.34807391,0.0
sp9_dr2a,DRIFT,DRIFT,0.2055,147.551538,-8.044802403,-13.34807391,-7.924012533,-13.18182092,0.0
sp9_dr2b,DRIFT,DRIFT,1.4875,147.757038,-7.924012533,-13.18182092,-7.04968197,-11.97840814,0.0
sp9_dr3a,DRIFT,DRIFT,0.207,149.244538,-7.04968197,-11.97840814,-6.928010423,-11.81094162,0.0
sp9_dr3b,DRIFT,DRIFT,0.6198996,149.451538,-6.928010423,-11.81094163,-6.56364258,-11.30943231,1.000000082740371e-08
sp9_qd,MULTIPOLET,DRIFT,0.7302008,150.0714376,-6.56364258,-11.30943231,-6.134441319,-10.71868746,0.0
sp9_dr4,DRIFT,DRIFT,0.2031496,150.8016384,-6.134441319,-10.71868746,-6.01503298,-10.55433598,0.0
sp9_qtd,MULTIPOLET,DRIFT,0.307,151.004788,-6.01503298,-10.55433598,-5.834582908,-10.30596776,0.0
sp9_dr5,DRIFT,DRIFT,0.2030703,151.311788,-5.834582908,-10.30596776,-5.71522118,-10.14168044,0.0
sp9_qf,MULTIPOLET,DRIFT,0.7153594,151.5148583,-5.71522118,-10.14168044,-5.294743475,-9.562942526,0.0
sp9_dr6,DRIFT,DRIFT,0.2021203,152.2302177,-5.294743475,-9.562942526,-5.175940143,-9.399423768,0.0
sp9_qtf,MULTIPOLET,DRIFT,0.307,152.432338,-5.175940143,-9.399423768,-4.995490071,-9.151055551,0.0
sp9_dr7,DRIFT,DRIFT,2.82199945,152.739338,-4.995490071,-9.151055551,-3.336760412,-6.868010038,0.0
sp9_rf,VARIABLE_RF_CAVITY,DRIFT,1.0,155.5613374,-3.336760412,-6.868010038,-2.74897516,-6.058993043,0.0
sp9_dr12,DRIFT,DRIFT,1.49995,156.5613374,-2.74897516,-6.058993043,-1.867326671,-4.845508003,0.0
sp9_qds,MULTIPOLET,DRIFT,0.4025011,158.0612875,-1.867326671,-4.845508003,-1.63074246,-4.519877772,0.0
sp9_dr13,DRIFT,DRIFT,0.49903145,158.4637886,-1.63074246,-4.519877772,-1.337419133,-4.116152849,0.0
sp0_dip1,MULTIPOLET,SBEND,4.4,158.96282,-1.337419133,-4.116152849,4.767075623e-12,-2.16360263e-12,0.0
